{"nilai" : [{"nrp":"1273008","nama":"Reagen Natalie","nilaiakhir":"88","kelas":"B"},{"nrp":"1273009","nama":"Welly Candra","nilaiakhir":"84","kelas":"B"},{"nrp":"1173029","nama":"Prima Baraq","nilaiakhir":"83","kelas":"B"},{"nrp":"1273010","nama":"Ingrid Listiyani","nilaiakhir":"83","kelas":"B"},{"nrp":"0873063","nama":"Wilfandi Aser","nilaiakhir":"82","kelas":"B"},{"nrp":"1073044","nama":"Anthony Harun","nilaiakhir":"81","kelas":"B"},{"nrp":"1273011","nama":"Florrentia Steffani","nilaiakhir":"81","kelas":"B"}]}